{"size": [[256, 1, 1], [256, 1, 1], [256, 1, 1], [256, 1, 1], [256, 1, 1], [256, 1, 1], [256, 1, 1], [256, 1, 1], [256, 1, 1], [256, 1, 1], [256, 1, 1], [256, 1, 1], [256, 1, 1], [256, 1, 1], [256, 1, 1], [256, 1, 1], [256, 1, 1], [256, 1, 1], [256, 1, 1], [256, 1, 1], [256, 1, 1], [256, 1, 1], [256, 1, 1]], "p": [0.8999999985098839, 0.9043478220701218, 0.9086956530809402, 0.9130434766411781, 0.917391300201416, 0.9217391312122345, 0.9260869547724724, 0.9304347857832909, 0.9347826093435287, 0.9391304329037666, 0.9434782564640045, 0.9478260837495327, 0.9521739110350609, 0.9565217345952988, 0.960869561880827, 0.9652173891663551, 0.9695652164518833, 0.9739130418747663, 0.9782608672976494, 0.9826086945831776, 0.9869565209373832, 0.9913043472915888, 0.9956521736457944]}