item_0,item_1,time_cost
"[2, 256, 24, 18]",[1],3.075599670410156e-05
"[2, 256, 16, 12]",[1],2.765655517578125e-05
"[4, 256, 64, 64]",[1],2.86102294921875e-05
"[4, 2048, 64, 64]",[1],7.891654968261719e-05
"[2, 1024, 16, 12]",[1],4.553794860839844e-05
"[2, 256, 64, 128]",[1],3.5762786865234375e-05
"[2, 128, 48, 36]",[1],2.765655517578125e-05
"[2, 128, 32, 24]",[1],2.574920654296875e-05
"[2, 1024, 16, 16]",[1],2.5033950805664062e-05
"[2, 20, 64, 64]",[1],2.3365020751953125e-05
