item_0,item_1,time_cost
[256],[256],1.3113021850585938e-05
[512],[512],1.33514404296875e-05
[1024],[1024],1.0728836059570312e-05
[128],[128],1.0251998901367188e-05
[64],[64],1.0251998901367188e-05
"[256, 256, 3, 3]","[256, 256, 3, 3]",1.8835067749023438e-05
"[1024, 256, 1, 1]","[1024, 256, 1, 1]",1.811981201171875e-05
"[256, 1024, 1, 1]","[256, 1024, 1, 1]",1.71661376953125e-05
[2048],[2048],1.2874603271484375e-05
[48],[48],1.2636184692382812e-05
