item_0,item_1,item_2,item_3,item_4,item_5,item_6,item_7,time_cost
"[4, 256, 64, 64]",[256],[256],[256],[256],True,0.1,1e-05,8.511543273925781e-05
"[2, 256, 97, 97]",[256],[256],[256],[256],True,0.1,1e-05,8.487701416015625e-05
"[2, 36, 32, 32]",[36],[36],[36],[36],True,0.1,1e-05,4.649162292480469e-05
"[2, 256, 16, 16]",[256],[256],[256],[256],True,0.1,1e-05,4.57763671875e-05
"[2, 18, 64, 64]",[18],[18],[18],[18],True,0.1,1e-05,3.910064697265625e-05
