item_0,item_1,time_cost
[27648],[2],1.8835067749023438e-05
[4],[4],2.1457672119140625e-05
[128000],[2],2.6941299438476562e-05
[32768],[2],2.193450927734375e-05
[262144],[2],2.6464462280273438e-05
