item_0,item_1,time_cost
[6],[0],1.6689300537109375e-05
[256],[0],2.7418136596679688e-05
[128],[0],1.7404556274414062e-05
[216],[0],1.6927719116210938e-05
[648],[0],1.71661376953125e-05
[324],[0],1.71661376953125e-05
[36],[0],1.5735626220703125e-05
[4],[0],1.621246337890625e-05
"[1, 1]",[0],1.7404556274414062e-05
[64],[0],1.621246337890625e-05
