item_0,item_1,item_2,time_cost
[64],,,1.5974044799804688e-05
[256],,,1.9311904907226562e-05
[512],,,1.621246337890625e-05
[128],,,1.4781951904296875e-05
[1024],,,1.4066696166992188e-05
"[256, 256, 3, 3]",,,3.0040740966796875e-05
[2048],,,1.621246337890625e-05
"[1024, 256, 1, 1]",,,2.6226043701171875e-05
"[256, 1024, 1, 1]",,,2.6941299438476562e-05
[32],,,1.5735626220703125e-05
