item_0,item_1,item_2,time_cost
[64],[64],[],1.8358230590820312e-05
[32],[32],[],2.6464462280273438e-05
[3],[3],[],1.8596649169921875e-05
[80],[80],[20],1.8596649169921875e-05
[46],[62],[],1.811981201171875e-05
[9],[9],[],1.8596649169921875e-05
[12],[14],[],1.8835067749023438e-05
[24],[28],[],2.0265579223632812e-05
[48],[56],[],1.8835067749023438e-05
[96],[112],[],1.811981201171875e-05
