item_0,item_1,time_cost
[[256]],[0.9],9.5367431640625e-06
[[64]],[0.9],1.3113021850585938e-05
[[128]],[0.9],9.298324584960938e-06
[[512]],[0.9],8.821487426757812e-06
[[1024]],[0.9],8.58306884765625e-06
[[32]],[0.9],8.58306884765625e-06
[[48]],[0.9],8.58306884765625e-06
[[96]],[0.9],1.3113021850585938e-05
[[192]],[0.9],8.344650268554688e-06
"[[256, 256, 3, 3]]",[0.9],1.52587890625e-05
