item_0,time_cost
"[4, 256, 64, 64]",1.8596649169921875e-05
"[2, 256, 64, 128]",2.1219253540039062e-05
"[4, 512, 64, 64]",5.53131103515625e-05
"[4, 1024, 64, 64]",3.600120544433594e-05
"[4, 64, 64, 64]",2.3365020751953125e-05
"[2, 256, 97, 97]",2.288818359375e-05
"[2, 256, 16, 12]",1.8596649169921875e-05
"[2, 18, 64, 64]",1.6689300537109375e-05
"[2, 36, 32, 32]",1.3113021850585938e-05
"[2, 256, 16, 16]",1.5020370483398438e-05
