item_0,item_1,item_2,time_cost
"[2, 2, 1, 256]",1,3,1.1444091796875e-05
"[2, 2, 1, 128]",1,3,1.71661376953125e-05
"[4, 2, 1, 256]",1,3,1.1920928955078125e-05
"[2, 2, 1, 512]",1,3,1.1444091796875e-05
"[24, 1025, 1025]",-1,3,4.935264587402344e-05
"[12, 16, 49, 49]",-1,5,2.3365020751953125e-05
"[8, 16, 144, 144]",-1,5,2.0742416381835938e-05
"[2, 2, 1, 64]",1,3,1.5497207641601562e-05
"[16, 1601, 1601]",-1,3,3.552436828613281e-05
"[2, 8, 40, 40]",-1,3,1.6927719116210938e-05
