item_0,time_cost
[[256]],1.049041748046875e-05
[[64]],1.4543533325195312e-05
[[128]],1.1205673217773438e-05
[[32]],1.0013580322265625e-05
[[48]],9.5367431640625e-06
[[512]],1.0251998901367188e-05
[[96]],1.0013580322265625e-05
[[1024]],1.0251998901367188e-05
"[[64, 64, 3, 3]]",1.1205673217773438e-05
[[192]],1.0728836059570312e-05