item_0,item_1,time_cost
"[2, 19, 512, 1024]",1,0.00026488304138183594
"[4, 150, 512, 512]",1,0.001753091812133789
"[2, 19, 769, 769]",1,0.0003314018249511719
"[4, 21, 512, 512]",1,0.0003135204315185547
"[1024, 81, 1, 1]",1,7.224082946777344e-05
"[4, 171, 512, 512]",1,0.002048492431640625
"[4, 60, 480, 480]",1,0.0006372928619384766
"[4, 59, 480, 480]",1,0.0006148815155029297
"[2, 19, 832, 832]",1,0.00038123130798339844
[17],8,6.985664367675781e-05
