item_0,time_cost
[64],1.0251998901367188e-05
[256],1.2159347534179688e-05
[128],9.775161743164062e-06
[512],8.821487426757812e-06
"[256, 256, 3, 3]",1.6689300537109375e-05
[1024],9.775161743164062e-06
[2048],1.0013580322265625e-05
"[1024, 256, 1, 1]",1.5497207641601562e-05
"[256, 1024, 1, 1]",1.6689300537109375e-05
[32],1.0013580322265625e-05
