item_0,item_1,time_cost
"[2, 256, 24, 18]",[1],3.3855438232421875e-05
"[2, 256, 16, 12]",[1],3.337860107421875e-05
"[4, 256, 64, 64]",[1],7.152557373046875e-05
"[4, 2048, 64, 64]",[1],0.00011849403381347656
"[2, 1024, 16, 12]",[1],3.719329833984375e-05
"[2, 256, 64, 128]",[1],7.128715515136719e-05
"[2, 128, 48, 36]",[1],3.504753112792969e-05
"[2, 128, 32, 24]",[1],3.4332275390625e-05
"[2, 1024, 16, 16]",[1],3.552436828613281e-05
"[2, 20, 64, 64]",[1],3.361701965332031e-05
