item_0,item_1,time_cost
[256],[256],2.0503997802734375e-05
[512],[512],2.002716064453125e-05
[1024],[1024],3.170967102050781e-05
[128],[128],2.0265579223632812e-05
[64],[64],2.002716064453125e-05
"[256, 256, 3, 3]","[256, 256, 3, 3]",2.384185791015625e-05
"[1024, 256, 1, 1]","[1024, 256, 1, 1]",2.3365020751953125e-05
"[256, 1024, 1, 1]","[256, 1024, 1, 1]",2.3365020751953125e-05
[2048],[2048],2.1219253540039062e-05
[48],[48],2.0503997802734375e-05
