item_0,item_1,item_2,item_3,item_4,item_5,item_6,item_7,time_cost
"[4, 256, 64, 64]",[256],[256],[256],[256],True,0.1,1e-05,0.00012874603271484375
"[2, 256, 64, 128]",[256],[256],[256],[256],True,0.1,1e-05,0.0001270771026611328
"[4, 512, 64, 64]",[512],[512],[512],[512],True,0.1,1e-05,0.00013637542724609375
"[4, 1024, 64, 64]",[1024],[1024],[1024],[1024],True,0.1,1e-05,0.00012373924255371094
"[2, 256, 97, 97]",[256],[256],[256],[256],True,0.1,1e-05,0.0001277923583984375
"[2, 36, 32, 32]",[36],[36],[36],[36],True,0.1,1e-05,5.936622619628906e-05
"[2, 256, 16, 16]",[256],[256],[256],[256],True,0.1,1e-05,0.0005483627319335938
"[2, 72, 16, 16]",[72],[72],[72],[72],True,0.1,1e-05,5.340576171875e-05
"[2, 18, 64, 64]",[18],[18],[18],[18],True,0.1,1e-05,5.745887756347656e-05
