item_0,item_1,item_2,time_cost
[256],1,int,1.4066696166992188e-05
[64],1,int,1.3828277587890625e-05
[128],1,int,1.3828277587890625e-05
[256],1.0,float,1.3828277587890625e-05
[128],1.0,float,1.33514404296875e-05
[512],1,int,1.52587890625e-05
[512],1.0,float,1.430511474609375e-05
[64],1.0,float,1.3828277587890625e-05
[1024],1,int,1.4066696166992188e-05
[1024],1.0,float,1.4066696166992188e-05
