item_0,item_1,time_cost
[27648],[2],2.8848648071289062e-05
[4],[4],2.6941299438476562e-05
[128000],[2],3.1948089599609375e-05
[32768],[2],3.075599670410156e-05
[262144],[2],3.1948089599609375e-05
