item_0,item_1,time_cost
[6],[0],3.0040740966796875e-05
[256],[0],3.075599670410156e-05
[128],[0],3.0040740966796875e-05
[216],[0],3.62396240234375e-05
[648],[0],3.075599670410156e-05
[324],[0],3.0040740966796875e-05
[36],[0],3.0040740966796875e-05
[4],[0],3.0040740966796875e-05
"[1, 1]",[0],3.147125244140625e-05
[64],[0],2.956390380859375e-05
