item_0,item_1,item_2,time_cost
[64],,,2.6941299438476562e-05
[256],,,2.6226043701171875e-05
[512],,,2.6464462280273438e-05
[128],,,2.5987625122070312e-05
[1024],,,2.6464462280273438e-05
"[256, 256, 3, 3]",,,3.719329833984375e-05
[2048],,,2.765655517578125e-05
"[1024, 256, 1, 1]",,,3.62396240234375e-05
"[256, 1024, 1, 1]",,,3.528594970703125e-05
[32],,,2.7418136596679688e-05
