item_0,item_1,item_2,time_cost
[64],[64],[],3.075599670410156e-05
[32],[32],[],3.123283386230469e-05
[3],[3],[],2.9802322387695312e-05
[80],[80],[20],3.0040740966796875e-05
[46],[62],[],3.123283386230469e-05
[9],[9],[],4.76837158203125e-05
[12],[14],[],3.743171691894531e-05
[24],[28],[],3.170967102050781e-05
[48],[56],[],2.956390380859375e-05
[96],[112],[],3.0040740966796875e-05
