item_0,item_1,time_cost
[[256]],[0.9],1.71661376953125e-05
[[64]],[0.9],1.7404556274414062e-05
[[128]],[0.9],1.71661376953125e-05
[[512]],[0.9],1.6689300537109375e-05
[[1024]],[0.9],1.6927719116210938e-05
[[32]],[0.9],1.7642974853515625e-05
[[48]],[0.9],1.7404556274414062e-05
[[96]],[0.9],4.601478576660156e-05
[[192]],[0.9],1.5735626220703125e-05
"[[256, 256, 3, 3]]",[0.9],1.9788742065429688e-05
