item_0,time_cost
"[4, 256, 64, 64]",4.38690185546875e-05
"[2, 256, 64, 128]",3.910064697265625e-05
"[4, 512, 64, 64]",4.9591064453125e-05
"[4, 1024, 64, 64]",5.078315734863281e-05
"[4, 64, 64, 64]",2.47955322265625e-05
"[2, 256, 97, 97]",5.173683166503906e-05
"[2, 256, 16, 12]",2.4318695068359375e-05
"[2, 18, 64, 64]",2.2649765014648438e-05
"[2, 36, 32, 32]",2.2172927856445312e-05
"[2, 256, 16, 16]",2.2172927856445312e-05
