item_0,item_1,item_2,time_cost
"[2, 2, 1, 256]",1,3,2.7418136596679688e-05
"[2, 2, 1, 128]",1,3,2.6702880859375e-05
"[4, 2, 1, 256]",1,3,2.7179718017578125e-05
"[2, 2, 1, 512]",1,3,2.6702880859375e-05
"[24, 1025, 1025]",-1,3,5.412101745605469e-05
"[12, 16, 49, 49]",-1,5,2.7894973754882812e-05
"[8, 16, 144, 144]",-1,5,2.956390380859375e-05
"[2, 2, 1, 64]",1,3,2.5033950805664062e-05
"[16, 1601, 1601]",-1,3,0.00045680999755859375
"[2, 8, 40, 40]",-1,3,0.00042891502380371094
