item_0,time_cost
[[256]],1.7404556274414062e-05
[[64]],1.7404556274414062e-05
[[128]],1.6927719116210938e-05
[[32]],1.71661376953125e-05
[[48]],1.71661376953125e-05
[[512]],1.7404556274414062e-05
[[96]],1.7404556274414062e-05
[[1024]],1.7404556274414062e-05
"[[64, 64, 3, 3]]",1.8835067749023438e-05
[[192]],1.7642974853515625e-05