item_0,item_1,time_cost
"[2, 19, 512, 1024]",1,0.0006592273712158203
"[4, 150, 512, 512]",1,0.004708528518676758
"[2, 19, 769, 769]",1,0.0007636547088623047
"[4, 21, 512, 512]",1,0.0007452964782714844
"[1024, 81, 1, 1]",1,6.008148193359375e-05
"[4, 171, 512, 512]",1,0.005400180816650391
"[4, 60, 480, 480]",1,0.0017235279083251953
"[4, 59, 480, 480]",1,0.001695871353149414
"[2, 19, 832, 832]",1,0.0008683204650878906
[17],8,6.437301635742188e-05
