item_0,time_cost
[64],1.430511474609375e-05
[256],1.4781951904296875e-05
[128],1.430511474609375e-05
[512],1.5020370483398438e-05
"[256, 256, 3, 3]",1.7404556274414062e-05
[1024],1.5735626220703125e-05
[2048],1.5497207641601562e-05
"[1024, 256, 1, 1]",1.5974044799804688e-05
"[256, 1024, 1, 1]",1.621246337890625e-05
[32],1.4781951904296875e-05
