item_0,item_1,time_cost
[256],[256],2.2649765014648438e-05
[512],[512],2.2649765014648438e-05
[1024],[1024],2.2411346435546875e-05
[128],[128],2.193450927734375e-05
[64],[64],2.288818359375e-05
"[256, 256, 3, 3]","[256, 256, 3, 3]",3.5762786865234375e-05
"[1024, 256, 1, 1]","[1024, 256, 1, 1]",2.7179718017578125e-05
"[256, 1024, 1, 1]","[256, 1024, 1, 1]",2.6464462280273438e-05
[2048],[2048],2.4080276489257812e-05
[48],[48],2.3126602172851562e-05
