item_0,item_1,item_2,time_cost
4,12,12,0.009484529495239258
4,16,16,0.008612394332885742
4,8,8,0.008644580841064453
