item_0,item_1,item_2,time_cost
"[1, 2, 3]","[1, 1, 14, 14]",False,2.5921099185943604
"[1, 2, 3]","[1, 1, 36, 36]",False,0.009839296340942383
