item_0,item_1,time_cost
8,12,0.0029180049896240234
4,8,0.0021696090698242188
8,16,0.0021317005157470703
