item_0,time_cost
[8663],5.936622619628906e-05
[8780],5.364418029785156e-05
[8741],5.1975250244140625e-05
