item_0,time_cost
[8663],0.00029349327087402344
[8780],0.0003814697265625
[8741],0.0003445148468017578
