item_0,item_1,time_cost
"[1, 48, 192]",1,0.05917191505432129
"[1, 768, 3072]",1,0.0002562999725341797
"[1, 192, 768]",1,0.00019025802612304688
