item_0,item_1,item_2,item_3,time_cost
0,2,32,8,0.007038116455078125
1,3,64,4,0.006122589111328125
2,4,64,16,0.006201267242431641
