item_0,item_1,time_cost
128,4,0.005347728729248047
256,8,0.00460052490234375
512,16,0.004583597183227539
