item_0,time_cost
3000,0.034516334533691406
2000,0.03344106674194336
1000,0.03324007987976074
