item_0,item_1,time_cost
4,16,0.006294727325439453
8,8,0.005537748336791992
16,4,0.005506753921508789
