item_0,time_cost
128,0.004087209701538086
64,0.0037224292755126953
8,0.7869248390197754
