item_0,time_cost
32,0.006178617477416992
64,0.005557537078857422
128,0.005578041076660156
