item_0,item_1,time_cost
3000,4,0.008945941925048828
2000,4,0.007816791534423828
1000,4,0.007009267807006836
