item_0,item_1,item_2,time_cost
8,12,12,0.0019483566284179688
16,16,16,0.0015544891357421875
32,8,8,0.0013797283172607422
