item_0,time_cost
[209],1.984710693359375
[247],0.0008099079132080078
[145],0.0007395744323730469
[314],0.0007750988006591797
[168],0.0007557868957519531
