item_0,time_cost
4,0.015175104141235352
8,0.014492511749267578
12,0.014678478240966797
