item_0,item_1,time_cost
50,4,0.004111051559448242
100,4,0.003172159194946289
200,4,0.0031168460845947266
