item_0,item_1,time_cost
20,5,0.002931833267211914
40,8,0.002438068389892578
60,12,0.0023746490478515625
