item_0,item_1,item_2,item_3,time_cost
400,4,72,4,0.006303310394287109
800,4,144,4,0.005533695220947266
1600,4,288,4,0.005538225173950195
