item_0,item_1,item_2,time_cost
[2304],3,0,3.2901763916015625e-05
"[768, 256]",3,0,6.9141387939453125e-06
"[2304, 768]",3,0,6.198883056640625e-06
[768],3,0,5.9604644775390625e-06
