item_0,item_1,item_2,time_cost
[2304],3,0,2.1457672119140625e-05
"[768, 256]",3,0,7.3909759521484375e-06
"[2304, 768]",3,0,6.198883056640625e-06
[768],3,0,5.7220458984375e-06
