item_0,time_cost
[1600],2.002671957015991
[1296],0.0005307197570800781
[144],0.0004591941833496094
[576],0.0004703998565673828
[256],0.0004563331604003906
