item_0,item_1,time_cost
"[10, 10]",0,7.867813110351562e-06
"[256, 256]",0,6.9141387939453125e-06
"[27, 27]",0,5.7220458984375e-06
"[1, 1]",0,5.7220458984375e-06
"[32, 32]",0,5.4836273193359375e-06
"[16, 16]",0,5.245208740234375e-06
"[3, 3]",0,5.245208740234375e-06
[64],0,9.059906005859375e-06
"[64, 64]",0,5.7220458984375e-06
[97],0,8.106231689453125e-06
"[128, 128]",0,5.7220458984375e-06
