item_0,item_1,time_cost
"[10, 10]",0,5.0067901611328125e-05
"[256, 256]",0,4.6253204345703125e-05
"[27, 27]",0,4.2438507080078125e-05
"[1, 1]",0,4.172325134277344e-05
"[32, 32]",0,4.124641418457031e-05
"[16, 16]",0,4.076957702636719e-05
"[3, 3]",0,4.0531158447265625e-05
[64],0,4.601478576660156e-05
"[64, 64]",0,4.172325134277344e-05
[97],0,4.220008850097656e-05
"[128, 128]",0,4.1484832763671875e-05
