item_0,item_1,time_cost
[16],[16],0.001312255859375
[512],[512],0.00022792816162109375
[4096],[4096],0.00020360946655273438
[10],[10],0.0011093616485595703
[32],[32],0.00044465065002441406
[128],[128],0.00043392181396484375
[256],[256],0.0004413127899169922
[3],[3],0.0004420280456542969
[64],[64],0.0004410743713378906
[1],[1],0.00045990943908691406
