item_0,item_1,item_2,time_cost
"[2, 256, 16, 16]",[0.1],['False'],0.00010228157043457031
"[2, 64, 64, 64]",[0.1],['False'],5.5789947509765625e-05
"[2, 512, 64, 64]",[0.1],['False'],5.078315734863281e-05
"[2, 256, 64, 64]",[0.1],['False'],4.863739013671875e-05
"[2, 16, 128, 128]",[0.1],['False'],4.887580871582031e-05
"[2, 256, 32, 32]",[0.1],['False'],4.839897155761719e-05
"[2, 512, 128, 128]",[0.1],['False'],5.125999450683594e-05
