item_0,item_1,item_2,time_cost
"[2, 256, 16, 16]",[0.1],['False'],0.00023818016052246094
"[2, 64, 64, 64]",[0.1],['False'],0.00048613548278808594
"[2, 512, 64, 64]",[0.1],['False'],0.002657651901245117
"[2, 256, 64, 64]",[0.1],['False'],0.0012345314025878906
"[2, 16, 128, 128]",[0.1],['False'],0.0004782676696777344
"[2, 256, 32, 32]",[0.1],['False'],0.0004673004150390625
"[2, 512, 128, 128]",[0.1],['False'],0.01604485511779785
