item_0,item_1,time_cost
"[1, 512]","[1, 512]",2.09808349609375e-05
"[1, 512]","[1, 512]",5.245208740234375e-06
"[1, 2, 512, 512]","[1, 2, 512, 512]",0.00032711029052734375
"[1, 2, 512, 512]","[1, 2, 512, 512]",0.00026226043701171875
"[1, 2, 128, 128]","[1, 2, 128, 128]",3.600120544433594e-05
"[1, 2, 128, 128]","[1, 2, 128, 128]",3.647804260253906e-05
"[16, 80, 128, 128]",1,0.005324840545654297
"[16, 80, 128, 128]",1,0.005701541900634766
