item_0,item_1,item_2,time_cost
[256],1,int,3.0040740966796875e-05
[64],1,int,3.0517578125e-05
[128],1,int,3.0994415283203125e-05
[256],1.0,float,3.123283386230469e-05
[128],1.0,float,3.218650817871094e-05
[512],1,int,3.123283386230469e-05
[512],1.0,float,3.170967102050781e-05
[64],1.0,float,3.075599670410156e-05
[1024],1,int,3.075599670410156e-05
[1024],1.0,float,3.0279159545898438e-05
