item_0,item_1,time_cost
"[21486, 13]",-100000000,1.621246337890625e-05
"[20267, 1]",-100000000,2.2172927856445312e-05
"[20267, 2]",-100000000,0.004419803619384766
"[20267, 15]",-100000000,3.075599670410156e-05
"[18134, 1]",-100000000,1.6927719116210938e-05
