item_0,item_1,time_cost
[27648],[2],0.020181894302368164
[4],[4],0.0009224414825439453
[128000],[2],0.0015153884887695312
[32768],[2],0.0014543533325195312
[262144],[2],0.0013446807861328125
