item_0,item_1,time_cost
[128000],[2],9.226799011230469e-05
[4],[4],1.430511474609375e-05
[262144],[2],8.58306884765625e-06
[27648],[2],8.106231689453125e-06
[32768],[2],7.152557373046875e-06
