item_0,item_1,time_cost
[128000],[2],0.00020003318786621094
[4],[4],9.512901306152344e-05
[262144],[2],9.393692016601562e-05
[27648],[2],8.988380432128906e-05
[32768],[2],8.940696716308594e-05
