item_0,item_1,time_cost
"[4, 144, 64, 128]",True,2.380131959915161
"[4, 96, 64, 128]",True,0.008693456649780273
