item_0,item_1,item_2,item_3,time_cost
"[1, 769, 769]",[19],[0],[18],1.9971873760223389
"[1, 512, 512]",[21],[0],[20],0.0010538101196289062
"[1, 512, 1024]",[19],[0],[18],0.00026726722717285156
"[1, 512, 512]",[150],[0],[149],0.00035858154296875
