item_0,item_1,item_2,time_cost
"[4, 800, 1216]", 0,[5],0.02855682373046875
"[2, 800, 1088]", 0,[2],0.014314651489257812
"[14, 800, 1216]", 0,[14],0.11976218223571777
"[4, 800, 1088]", 0,[4],0.023726463317871094
"[6, 4]", 0,[4],9.322166442871094e-05
"[10, 4]", 0,[6],6.103515625e-05
"[31, 800, 1216]", 0,[32],0.2560238838195801
"[6, 800, 1088]", 0,[6],0.03552079200744629
"[32, 800, 1216]", 0,[33],0.26581621170043945
"[13, 800, 1216]", 0,[18],0.10763883590698242
