item_0,item_1,item_2,time_cost
"[4, 800, 1216]", 0,[5],0.0005304813385009766
"[2, 800, 1088]", 0,[2],1.8835067749023438e-05
"[14, 800, 1216]", 0,[14],0.0005769729614257812
"[4, 800, 1088]", 0,[4],1.621246337890625e-05
"[6, 4]", 0,[4],1.049041748046875e-05
"[10, 4]", 0,[6],9.059906005859375e-06
"[31, 800, 1216]", 0,[32],0.0006256103515625
"[6, 800, 1088]", 0,[6],1.52587890625e-05
"[32, 800, 1216]", 0,[33],0.0006468296051025391
"[13, 800, 1216]", 0,[18],1.621246337890625e-05
