item_0,item_1,item_2,time_cost
"[2, 800, 1088]", 0,[2],0.00043129920959472656
"[4, 800, 1088]", 0,[4],0.00037550926208496094
"[31, 800, 1216]", 0,[32],0.0008792877197265625
"[32, 800, 1216]", 0,[33],0.0004944801330566406
