item_0,item_1,item_2,time_cost
"[4, 800, 1216]", 0,[5],0.04357099533081055
"[2, 800, 1088]", 0,[2],0.018635034561157227
"[14, 800, 1216]", 0,[14],0.1535019874572754
"[4, 800, 1088]", 0,[4],0.03156447410583496
"[6, 4]", 0,[4],0.00020051002502441406
"[10, 4]", 0,[6],0.00013637542724609375
"[31, 800, 1216]", 0,[32],0.33141112327575684
"[6, 800, 1088]", 0,[6],0.04365396499633789
"[32, 800, 1216]", 0,[33],0.33931517601013184
"[13, 800, 1216]", 0,[18],0.1416916847229004
