item_0,item_1,time_cost
[15],[15],1.9727485179901123
[5],[5],0.0004341602325439453
[54],[20],0.0003330707550048828
[23],[20],0.0003287792205810547
[8],[8],0.00036072731018066406
