item_0,item_1,time_cost
"[43, 25601]",[1],1.9643006324768066
"[57, 55697]",[1],0.019315242767333984
"[68, 59537]",[1],0.013927698135375977
"[43, 30977]",[1],0.005715370178222656
"[29, 9217]",[1],0.0026412010192871094
"[86, 65537]",[1],0.02669501304626465
"[38, 26897]",[1],0.0037810802459716797
"[23, 6401]",[1],0.002256631851196289
"[79, 65537]",[1],0.017560243606567383
"[48, 36865]",[1],0.005906343460083008
