item_0,item_1,time_cost
"[43, 25601]",[1],1.9685497283935547
"[57, 55697]",[1],0.0009961128234863281
"[68, 59537]",[1],0.0009298324584960938
"[43, 30977]",[1],0.0009047985076904297
"[29, 9217]",[1],0.0008575916290283203
"[86, 65537]",[1],0.0008974075317382812
"[38, 26897]",[1],0.0008711814880371094
"[23, 6401]",[1],0.0008738040924072266
"[79, 65537]",[1],0.0008778572082519531
"[48, 36865]",[1],0.0008633136749267578
