item_0,item_1,item_2,time_cost
"[8, 1, 420]","[8, 1, 420]",-inf,1.1682510375976562e-05
"[8, 1, 418]","[8, 1, 418]",-inf,1.6450881958007812e-05
"[8, 1, 720]","[8, 1, 720]",-inf,8.58306884765625e-06
"[8, 1, 270]","[8, 1, 270]",-inf,1.2159347534179688e-05
"[8, 1, 506]","[8, 1, 506]",-inf,8.821487426757812e-06
"[8, 1, 700]","[8, 1, 700]",-inf,8.58306884765625e-06
"[8, 1, 660]","[8, 1, 660]",-inf,8.344650268554688e-06
"[8, 1, 624]","[8, 1, 624]",-inf,8.106231689453125e-06
"[8, 1, 525]","[8, 1, 525]",-inf,7.867813110351562e-06
