item_0,item_1,time_cost
[6],[0],3.719329833984375e-05
[256],[0],3.814697265625e-05
[128],[0],3.933906555175781e-05
[216],[0],3.814697265625e-05
[648],[0],3.790855407714844e-05
[324],[0],3.743171691894531e-05
[36],[0],3.7670135498046875e-05
[4],[0],3.743171691894531e-05
"[1, 1]",[0],3.886222839355469e-05
[64],[0],3.814697265625e-05
