item_0,item_1,item_2,time_cost
[64],,,5.0067901611328125e-05
[256],,,4.839897155761719e-05
[512],,,5.221366882324219e-05
[128],,,5.3882598876953125e-05
[1024],,,5.602836608886719e-05
"[256, 256, 3, 3]",,,4.482269287109375e-05
[2048],,,3.24249267578125e-05
"[1024, 256, 1, 1]",,,3.933906555175781e-05
"[256, 1024, 1, 1]",,,3.838539123535156e-05
[32],,,3.075599670410156e-05
