item_0,item_1,time_cost
[13],[21],1.4781951904296875e-05
[21],[13],9.298324584960938e-06
[168],[100],8.58306884765625e-06
[13],[17],8.58306884765625e-06
[13],[20],8.106231689453125e-06
[152],[100],8.106231689453125e-06
[136],[100],7.867813110351562e-06
[50],[76],7.867813110351562e-06
[9],[7],7.62939453125e-06
[26],[25],7.62939453125e-06
[100],[168],7.62939453125e-06
[100],[152],7.62939453125e-06
[104],[100],7.62939453125e-06
[76],[50],7.62939453125e-06
[42],[25],7.867813110351562e-06
[25],[39],7.3909759521484375e-06
[25],[35],7.3909759521484375e-06
[10],[7],7.62939453125e-06
[100],[136],7.62939453125e-06
[50],[84],7.62939453125e-06
[11],[7],7.62939453125e-06
[7],[10],7.867813110351562e-06
[50],[68],7.867813110351562e-06
[50],[78],7.3909759521484375e-06
[25],[42],7.62939453125e-06
[84],[50],7.62939453125e-06
[17],[13],7.867813110351562e-06
[50],[70],7.62939453125e-06
[13],[18],7.867813110351562e-06
[13],[19],7.867813110351562e-06
[7],[11],7.62939453125e-06
[38],[25],7.62939453125e-06
[25],[38],7.62939453125e-06
[68],[50],7.62939453125e-06
[100],[156],7.62939453125e-06
[52],[50],7.867813110351562e-06
[100],[140],7.62939453125e-06
[34],[25],7.62939453125e-06
[7],[9],7.62939453125e-06
[25],[34],7.3909759521484375e-06
[19],[13],7.867813110351562e-06
