item_0,item_1,time_cost
[13],[21],0.00011110305786132812
[21],[13],8.845329284667969e-05
[168],[100],8.416175842285156e-05
[13],[17],8.535385131835938e-05
[13],[20],8.320808410644531e-05
[152],[100],8.320808410644531e-05
[136],[100],8.296966552734375e-05
[50],[76],8.702278137207031e-05
[9],[7],8.249282836914062e-05
[26],[25],8.893013000488281e-05
[100],[168],8.463859558105469e-05
[100],[152],8.249282836914062e-05
[104],[100],8.249282836914062e-05
[76],[50],8.344650268554688e-05
[42],[25],8.487701416015625e-05
[25],[39],8.320808410644531e-05
[25],[35],8.273124694824219e-05
[10],[7],8.797645568847656e-05
[100],[136],8.535385131835938e-05
[50],[84],8.273124694824219e-05
[11],[7],8.296966552734375e-05
[7],[10],9.179115295410156e-05
[50],[68],8.392333984375e-05
[50],[78],8.225440979003906e-05
[25],[42],8.463859558105469e-05
[84],[50],8.344650268554688e-05
[17],[13],8.249282836914062e-05
[50],[70],8.654594421386719e-05
[13],[18],8.559226989746094e-05
[13],[19],8.296966552734375e-05
[7],[11],8.273124694824219e-05
[38],[25],8.440017700195312e-05
[25],[38],8.893013000488281e-05
[68],[50],8.344650268554688e-05
[100],[156],8.273124694824219e-05
[52],[50],8.463859558105469e-05
[100],[140],8.368492126464844e-05
[34],[25],8.273124694824219e-05
[7],[9],8.153915405273438e-05
[25],[34],8.606910705566406e-05
[19],[13],8.535385131835938e-05
