item_0,item_1,time_cost
[13],[21],0.00019168853759765625
[21],[13],0.00017213821411132812
[168],[100],0.00017380714416503906
[13],[17],0.00016927719116210938
[13],[20],0.00017189979553222656
[152],[100],0.0001785755157470703
[136],[100],0.00017118453979492188
[50],[76],0.00016832351684570312
[9],[7],0.00016689300537109375
[26],[25],0.00016880035400390625
[100],[168],0.0001964569091796875
[100],[152],0.00020623207092285156
[104],[100],0.00017547607421875
[76],[50],0.00016880035400390625
[42],[25],0.00017023086547851562
[25],[39],0.0001678466796875
[25],[35],0.00017595291137695312
[10],[7],0.00017118453979492188
[100],[136],0.0001723766326904297
[50],[84],0.00016832351684570312
[11],[7],0.00016736984252929688
[7],[10],0.0001652240753173828
[50],[68],0.00017571449279785156
[50],[78],0.0001704692840576172
[25],[42],0.00017547607421875
[84],[50],0.00017118453979492188
[17],[13],0.00016641616821289062
[50],[70],0.0001671314239501953
[13],[18],0.00018525123596191406
[13],[19],0.0001685619354248047
[7],[11],0.0001671314239501953
[38],[25],0.0001709461212158203
[25],[38],0.00016832351684570312
[68],[50],0.0001671314239501953
[100],[156],0.0001780986785888672
[52],[50],0.00016808509826660156
[100],[140],0.00017833709716796875
[34],[25],0.00017189979553222656
[7],[9],0.0001671314239501953
[25],[34],0.00017499923706054688
[19],[13],0.00017023086547851562
