item_0,item_1,time_cost
[13],[21],8.130073547363281e-05
[21],[13],7.081031799316406e-05
[168],[100],7.43865966796875e-05
[13],[17],6.914138793945312e-05
[13],[20],7.605552673339844e-05
[152],[100],7.557868957519531e-05
[136],[100],7.05718994140625e-05
[50],[76],6.890296936035156e-05
[9],[7],6.723403930664062e-05
[26],[25],6.818771362304688e-05
[100],[168],7.05718994140625e-05
[100],[152],7.510185241699219e-05
[104],[100],6.937980651855469e-05
[76],[50],6.747245788574219e-05
[42],[25],6.842613220214844e-05
[25],[39],6.794929504394531e-05
[25],[35],6.723403930664062e-05
[10],[7],6.818771362304688e-05
[100],[136],7.843971252441406e-05
[50],[84],6.842613220214844e-05
[11],[7],6.67572021484375e-05
[7],[10],6.723403930664062e-05
[50],[68],6.818771362304688e-05
[50],[78],6.866455078125e-05
[25],[42],6.651878356933594e-05
[84],[50],6.914138793945312e-05
[17],[13],6.747245788574219e-05
[50],[70],6.914138793945312e-05
[13],[18],6.747245788574219e-05
[13],[19],6.747245788574219e-05
[7],[11],6.628036499023438e-05
[38],[25],6.747245788574219e-05
[25],[38],7.43865966796875e-05
[68],[50],6.794929504394531e-05
[100],[156],7.200241088867188e-05
[52],[50],6.866455078125e-05
[100],[140],7.224082946777344e-05
[34],[25],6.842613220214844e-05
[7],[9],6.890296936035156e-05
[25],[34],6.890296936035156e-05
[19],[13],6.771087646484375e-05
