item_0,item_1,time_cost
[[256]],[0.9],1.811981201171875e-05
[[64]],[0.9],1.8596649169921875e-05
[[128]],[0.9],1.8596649169921875e-05
[[512]],[0.9],1.9073486328125e-05
[[1024]],[0.9],1.8835067749023438e-05
[[32]],[0.9],1.811981201171875e-05
[[48]],[0.9],1.8596649169921875e-05
[[96]],[0.9],1.8835067749023438e-05
[[192]],[0.9],1.8596649169921875e-05
"[[256, 256, 3, 3]]",[0.9],2.288818359375e-05
