item_0,item_1,time_cost
"[128, 1152]",[1152],0.013636350631713867
"[256, 2304]",[2304],0.0009524822235107422
"[1152, 128]",[128],0.0008647441864013672
"[2304, 256]",[256],0.0014941692352294922
"[64, 576]",[576],0.0009145736694335938
"[10, 256]",[256],0.0009202957153320312
"[256, 256]",[256],0.0011031627655029297
"[576, 64]",[64],0.001163482666015625
"[256, 6400]",[6400],0.001096963882446289
"[256, 10]",[10],0.00060272216796875
