item_0,item_1,time_cost
[256],2,0.012267112731933594
[512],2,0.0009565353393554688
[128],2,0.0008623600006103516
[1024],2,0.0016548633575439453
[64],2,0.0015976428985595703
"[256, 256, 3, 3]",2,0.0015273094177246094
[768],2,0.0010945796966552734
[32],2,0.0010235309600830078
[384],2,0.0012485980987548828
[2048],2,0.0014450550079345703
