item_0,item_1,time_cost
"[3, 2]",1,0.0013256072998046875
[3],,0.0002589225769042969
"[4, 2]",1,0.00019860267639160156
