item_0,item_1,time_cost
"[4, 1, 1]",float32,1.71661376953125e-05
"[1, 1, 1]",float32,2.7894973754882812e-05
"[2, 1, 1]",float32,1.5974044799804688e-05
