item_0,time_cost
"[3, 384, 448]",0.08328795433044434
"[3, 384, 768]",0.003200054168701172
