item_0,item_1,time_cost
"[2, 1, 1]",float32,0.012677192687988281
"[4, 1, 1]",float32,0.0011234283447265625
"[8, 1, 1]",float32,0.0009210109710693359
"[1, 1, 1]",float32,0.0018091201782226562
"[96, 1, 1, 1]",float32,0.0013458728790283203
"[8, 1, 1, 1]",float32,0.0006530284881591797
[2],float32,0.0007147789001464844
"[2, 1, 1, 1]",float32,0.0006868839263916016
"[4, 1, 1, 1]",float32,0.0010101795196533203
"[1568, 1, 1]",float32,0.0010373592376708984
