item_0,time_cost
2,0.034060001373291016
4,0.001155853271484375
2975,0.0022614002227783203
1000,0.0016605854034423828
12,0.0016109943389892578
3,0.0009608268737792969
20210,0.001434326171875
117266,0.0028810501098632812
5,0.0013685226440429688
10582,0.0014119148254394531
