item_0,item_1,item_2,time_cost
0,10,[25],0.20603466033935547
0,10,[64],0.001299142837524414
0,33,[1],0.0012803077697753906
0,9,[1],0.002223968505859375
23,32,[1],0.002255678176879883
95,128,[1],0.0014286041259765625
