item_0,time_cost
"[4, 256, 64, 64]",0.00014495849609375
"[2, 256, 64, 128]",0.0001537799835205078
"[4, 512, 64, 64]",0.00014591217041015625
"[4, 1024, 64, 64]",0.0004642009735107422
"[4, 64, 64, 64]",0.00012612342834472656
"[2, 256, 97, 97]",0.00014543533325195312
"[2, 256, 16, 12]",8.225440979003906e-05
"[2, 18, 64, 64]",8.225440979003906e-05
"[2, 36, 32, 32]",7.987022399902344e-05
"[2, 256, 16, 16]",0.0003349781036376953
