item_0,time_cost
"[4, 256, 64, 64]",4.5299530029296875e-05
"[2, 256, 64, 128]",4.38690185546875e-05
"[4, 512, 64, 64]",4.4345855712890625e-05
"[4, 1024, 64, 64]",0.00026297569274902344
"[4, 64, 64, 64]",2.8848648071289062e-05
"[2, 256, 97, 97]",4.4345855712890625e-05
"[2, 256, 16, 12]",2.5987625122070312e-05
"[2, 18, 64, 64]",3.4332275390625e-05
"[2, 36, 32, 32]",2.6941299438476562e-05
"[2, 256, 16, 16]",2.6226043701171875e-05
