item_0,time_cost
[1],0.13431859016418457
[18],0.0011935234069824219
[182400],0.001186370849609375
[45600],0.0011668205261230469
[11400],0.0016820430755615234
[2850],0.001703500747680664
[27],0.0015718936920166016
[9],0.0015149116516113281
[2],0.0014679431915283203
[5],0.0008492469787597656
