item_0,time_cost
"[512, 1]",3.0994415283203125e-05
"[20267, 15]",6.008148193359375e-05
"[21486, 13]",3.0040740966796875e-05
"[20267, 2]",2.2411346435546875e-05
"[13, 21486]",1.9550323486328125e-05
"[1, 20267]",4.3392181396484375e-05
"[2, 20267]",1.9311904907226562e-05
"[20267, 1]",1.7881393432617188e-05
"[15, 20267]",1.7404556274414062e-05
"[1, 18134]",1.7404556274414062e-05
"[18134, 1]",1.7404556274414062e-05
