item_0,time_cost
"[512, 1]",0.0003590583801269531
"[20267, 15]",0.002658843994140625
"[21486, 13]",0.0019261837005615234
"[20267, 2]",0.0011038780212402344
"[13, 21486]",0.001405477523803711
"[1, 20267]",0.0010013580322265625
"[2, 20267]",0.0006725788116455078
"[20267, 1]",0.0005581378936767578
"[15, 20267]",0.0013155937194824219
"[1, 18134]",0.0008988380432128906
"[18134, 1]",0.0004303455352783203
