item_0,item_1,item_2,time_cost
"[2, 19, 512, 1024]",1,1,0.033827781677246094
"[4, 150, 512, 512]",1,1,0.0009319782257080078
"[2, 19, 769, 769]",1,1,0.0008754730224609375
"[4, 21, 512, 512]",1,1,0.0009305477142333984
"[1024, 81]",1,1,0.0013625621795654297
"[4, 171, 512, 512]",1,1,0.001138448715209961
"[4, 60, 480, 480]",1,1,0.0013415813446044922
"[4, 59, 480, 480]",1,1,0.0013301372528076172
"[2, 19, 832, 832]",1,1,0.001163482666015625
[17],8,0,0.0008530616760253906
