item_0,item_1,time_cost
"[1, 2, 16]","[1, 2, 2]",2.3603439331054688e-05
"[1, 2, 32]","[1, 2, 2]",2.2649765014648438e-05
"[1, 2, 34]","[1, 2, 2]",2.0742416381835938e-05
