item_0,item_1,time_cost
"[1, 2, 16]","[1, 2, 2]",0.00010466575622558594
"[1, 2, 32]","[1, 2, 2]",0.00010442733764648438
"[1, 2, 34]","[1, 2, 2]",0.00010180473327636719
