item_0,item_1,item_2,item_3,item_4,time_cost
"[4, 192, 28, 28]","[2, 2]","[1, 1]","[0, 0]","[2, 2]",0.0026330947875976562
"[1, 192, 100, 136]","[2, 2]","[1, 1]","[0, 0]","[2, 2]",0.01455235481262207
"[1, 384, 50, 68]","[2, 2]","[1, 1]","[0, 0]","[2, 2]",0.006088972091674805
"[1, 384, 50, 76]","[2, 2]","[1, 1]","[0, 0]","[2, 2]",0.006705045700073242
"[1, 192, 100, 152]","[2, 2]","[1, 1]","[0, 0]","[2, 2]",0.013517141342163086
"[1, 96, 200, 272]","[2, 2]","[1, 1]","[0, 0]","[2, 2]",0.0269315242767334
"[4, 96, 56, 56]","[2, 2]","[1, 1]","[0, 0]","[2, 2]",0.007261753082275391
"[4, 384, 14, 14]","[2, 2]","[1, 1]","[0, 0]","[2, 2]",0.0019540786743164062
"[1, 96, 200, 304]","[2, 2]","[1, 1]","[0, 0]","[2, 2]",0.0309445858001709
