item_0,item_1,item_2,item_3,item_4,time_cost
"[4, 192, 28, 28]","[2, 2]","[1, 1]","[0, 0]","[2, 2]",0.0026297569274902344
"[1, 192, 100, 136]","[2, 2]","[1, 1]","[0, 0]","[2, 2]",0.01192164421081543
"[1, 384, 50, 68]","[2, 2]","[1, 1]","[0, 0]","[2, 2]",0.005880832672119141
"[1, 384, 50, 76]","[2, 2]","[1, 1]","[0, 0]","[2, 2]",0.006298542022705078
"[1, 192, 100, 152]","[2, 2]","[1, 1]","[0, 0]","[2, 2]",0.013142585754394531
"[1, 96, 200, 272]","[2, 2]","[1, 1]","[0, 0]","[2, 2]",0.026476621627807617
"[4, 96, 56, 56]","[2, 2]","[1, 1]","[0, 0]","[2, 2]",0.005500078201293945
"[4, 384, 14, 14]","[2, 2]","[1, 1]","[0, 0]","[2, 2]",0.0013995170593261719
"[1, 96, 200, 304]","[2, 2]","[1, 1]","[0, 0]","[2, 2]",0.028769493103027344
