item_0,time_cost
[64],1.6927719116210938e-05
[256],1.7642974853515625e-05
[128],1.7881393432617188e-05
[512],1.811981201171875e-05
"[256, 256, 3, 3]",2.3603439331054688e-05
[1024],1.9311904907226562e-05
[2048],1.811981201171875e-05
"[1024, 256, 1, 1]",1.9073486328125e-05
"[256, 1024, 1, 1]",1.9311904907226562e-05
[32],1.8596649169921875e-05
