item_0,item_1,time_cost
"[2, 256, 24, 18]",[1],4.363059997558594e-05
"[2, 256, 16, 12]",[1],3.170967102050781e-05
"[4, 256, 64, 64]",[1],4.76837158203125e-05
"[4, 2048, 64, 64]",[1],0.00010585784912109375
"[2, 1024, 16, 12]",[1],5.269050598144531e-05
"[2, 256, 64, 128]",[1],5.936622619628906e-05
"[2, 128, 48, 36]",[1],4.0531158447265625e-05
"[2, 128, 32, 24]",[1],3.5762786865234375e-05
"[2, 1024, 16, 16]",[1],3.600120544433594e-05
"[2, 20, 64, 64]",[1],3.170967102050781e-05
