item_0,item_1,time_cost
[256],[256],2.1696090698242188e-05
[512],[512],1.621246337890625e-05
[1024],[1024],1.5974044799804688e-05
[128],[128],1.5497207641601562e-05
[64],[64],1.5735626220703125e-05
"[256, 256, 3, 3]","[256, 256, 3, 3]",2.4080276489257812e-05
"[1024, 256, 1, 1]","[1024, 256, 1, 1]",4.00543212890625e-05
"[256, 1024, 1, 1]","[256, 1024, 1, 1]",2.2172927856445312e-05
[2048],[2048],1.7881393432617188e-05
[48],[48],1.621246337890625e-05