item_0,item_1,item_2,item_3,item_4,item_5,item_6,item_7,time_cost
"[4, 512, 64, 64]",[512],[512],[512],[512],True,0.1,1e-05,0.00011181831359863281
"[4, 1024, 64, 64]",[1024],[1024],[1024],[1024],True,0.1,1e-05,0.0001049041748046875
"[2, 256, 16, 12]",[256],[256],[256],[256],True,0.1,1e-05,7.867813110351562e-05
"[2, 72, 16, 16]",[72],[72],[72],[72],True,0.1,1e-05,5.459785461425781e-05
