item_0,item_1,item_2,time_cost
[256],1,int,1.0728836059570312e-05
[64],1,int,1.52587890625e-05
[128],1,int,1.1444091796875e-05
[256],1.0,float,1.1205673217773438e-05
[128],1.0,float,1.0728836059570312e-05
[512],1,int,1.0967254638671875e-05
[512],1.0,float,1.1205673217773438e-05
[64],1.0,float,1.0728836059570312e-05
[1024],1,int,1.0728836059570312e-05
[1024],1.0,float,1.0967254638671875e-05
