item_0,item_1,time_cost
[27648],[2],2.5987625122070312e-05
[4],[4],3.457069396972656e-05
[128000],[2],3.0279159545898438e-05
[32768],[2],2.7418136596679688e-05
[262144],[2],3.0279159545898438e-05
