item_0,item_1,time_cost
[6],[0],0.009995222091674805
[256],[0],4.0531158447265625e-05
[128],[0],2.8133392333984375e-05
[216],[0],2.2411346435546875e-05
[648],[0],2.1696090698242188e-05
[324],[0],2.1219253540039062e-05
[36],[0],2.0742416381835938e-05
[4],[0],2.0742416381835938e-05
"[1, 1]",[0],2.2411346435546875e-05
[64],[0],2.0503997802734375e-05
