item_0,item_1,item_2,time_cost
[64],,,4.887580871582031e-05
[256],,,2.7179718017578125e-05
[512],,,1.9073486328125e-05
[128],,,1.8596649169921875e-05
[1024],,,1.7404556274414062e-05
"[256, 256, 3, 3]",,,3.361701965332031e-05
[2048],,,2.0265579223632812e-05
"[1024, 256, 1, 1]",,,3.1948089599609375e-05
"[256, 1024, 1, 1]",,,3.170967102050781e-05
[32],,,1.9311904907226562e-05
