item_0,item_1,item_2,time_cost
[64],[64],[],0.009260416030883789
[32],[32],[],3.695487976074219e-05
[3],[3],[],2.9802322387695312e-05
[80],[80],[20],2.7179718017578125e-05
[46],[62],[],2.3603439331054688e-05
[9],[9],[],2.193450927734375e-05
[12],[14],[],2.1457672119140625e-05
[24],[28],[],2.1696090698242188e-05
[48],[56],[],2.1219253540039062e-05
[96],[112],[],2.1696090698242188e-05
