item_0,item_1,time_cost
[[256]],[0.9],1.9073486328125e-05
[[64]],[0.9],1.6689300537109375e-05
[[128]],[0.9],1.2636184692382812e-05
[[512]],[0.9],1.1920928955078125e-05
[[1024]],[0.9],1.1920928955078125e-05
[[32]],[0.9],1.1920928955078125e-05
[[48]],[0.9],1.1444091796875e-05
[[96]],[0.9],1.1444091796875e-05
[[192]],[0.9],1.1682510375976562e-05
"[[256, 256, 3, 3]]",[0.9],1.811981201171875e-05
