item_0,time_cost
"[4, 256, 64, 64]",5.221366882324219e-05
"[2, 256, 64, 128]",3.933906555175781e-05
"[4, 512, 64, 64]",4.172325134277344e-05
"[4, 1024, 64, 64]",4.410743713378906e-05
"[4, 64, 64, 64]",3.218650817871094e-05
"[2, 256, 97, 97]",6.175041198730469e-05
"[2, 256, 16, 12]",3.24249267578125e-05
"[2, 18, 64, 64]",2.8848648071289062e-05
"[2, 36, 32, 32]",2.384185791015625e-05
"[2, 256, 16, 16]",2.6464462280273438e-05