item_0,item_1,item_2,time_cost
"[2, 2, 1, 256]",1,3,0.010224580764770508
"[2, 2, 1, 128]",1,3,2.5033950805664062e-05
"[4, 2, 1, 256]",1,3,2.09808349609375e-05
"[2, 2, 1, 512]",1,3,1.6689300537109375e-05
"[24, 1025, 1025]",-1,3,5.221366882324219e-05
"[12, 16, 49, 49]",-1,5,3.7670135498046875e-05
"[8, 16, 144, 144]",-1,5,3.981590270996094e-05
"[2, 2, 1, 64]",1,3,1.9550323486328125e-05
"[16, 1601, 1601]",-1,3,0.0008604526519775391
"[2, 8, 40, 40]",-1,3,3.1948089599609375e-05
