item_0,time_cost
[[256]],1.3828277587890625e-05
[[64]],1.4066696166992188e-05
[[128]],1.3589859008789062e-05
[[32]],1.33514404296875e-05
[[48]],1.2636184692382812e-05
[[512]],1.33514404296875e-05
[[96]],1.2874603271484375e-05
[[1024]],1.2874603271484375e-05
"[[64, 64, 3, 3]]",1.5020370483398438e-05
[[192]],1.3589859008789062e-05