item_0,item_1,time_cost
"[2, 19, 512, 1024]",1,0.014748811721801758
"[4, 150, 512, 512]",1,0.0033309459686279297
"[2, 19, 769, 769]",1,0.0005471706390380859
"[4, 21, 512, 512]",1,0.0005562305450439453
"[1024, 81, 1, 1]",1,0.0005500316619873047
"[4, 171, 512, 512]",1,0.0038137435913085938
"[4, 60, 480, 480]",1,0.0013318061828613281
"[4, 59, 480, 480]",1,0.0012404918670654297
"[2, 19, 832, 832]",1,0.0006821155548095703
[17],8,7.033348083496094e-05
