item_0,time_cost
[64],1.7881393432617188e-05
[256],1.430511474609375e-05
[128],1.049041748046875e-05
[512],1.049041748046875e-05
"[256, 256, 3, 3]",1.811981201171875e-05
[1024],1.2874603271484375e-05
[2048],1.2159347534179688e-05
"[1024, 256, 1, 1]",1.621246337890625e-05
"[256, 1024, 1, 1]",1.621246337890625e-05
[32],1.1920928955078125e-05
