{"size": [[192], [51], [2048], [448], [800], [928], [384], [224], [324], [224], [17], [1024], [36], [8], [256], [96], [24], [96], [28], [2], [480], [416], [160], [896], [40], [51], [16], [48], [384], [1024], [416], [3], [576], [992], [1600], [128], [736], [2048], [576], [16], [576], [384], [288], [240], [96], [160], [58], [3072], [80], [864], [144], [96], [720], [32], [128], [1296], [720], [58], [1152], [232], [768], [116], [48], [3072, 768], [288], [64], [192], [3], [116], [320], [8], [240], [992], [1280], [80], [768], [512], [9], [560], [24], [1000, 3072], [16], [960], [960], [1280], [1000], [512], [1600], [480], [640], [384], [544], [544], [256], [192], [512], [672], [144], [116], [704], [1152], [58], [12], [256], [1536], [1280], [1], [512], [1152], [320], [240], [80], [480], [160], [20], [704], [81], [32], [486], [64], [2048], [768], [256], [832], [128], [10], [112], [255], [576], [608], [144], [832], [192], [34], [928], [51], [576], [864], [40], [1296], [150], [40], [3], [60], [3], [608], [4], [80], [352], [896], [560], [232], [288], [3072], [2304], [352], [800], [256], [8], [672], [1000], [24], [101], [3, 80], [768], [112], [320], [448], [1024], [1536], [736], [640], [672], [112], [32], [4096], [1152], [7], [560], [48], [6], [144], [232], [64], [80], [960]], "value": [1.0, 1, 0, 1.0, 1.0, 1, 0.0, 1.0, 0, 1, 0, 0, 0, 0, 1, 0, 0, 0.0, 0, 0, 1.0, 1.0, 1.0, 1.0, 1, 1.0, 1, 1.0, 0, 1, 1, -6.580639137284949, 0.0, 1.0, 0, 0, 1, 1.0, 0, 0, 1, 1, 0.0, 1.0, 1.0, 1, 0, 0, 0, 1.0, 1, 1, 0, 1, 1.0, -4.59511985013459, -4.59511985013459, 1.0, 1, 1.0, 0, 1.0, 0, 0, 1.0, 0, 0.0, -5.190175207928333, 1, 1.0, 1.0, 1, 1, 1, 1, 1, 1.0, 0, 1, 1.0, 0, 1.0, 1.0, 1, 0, 0, 20, -4.59511985013459, 0, 1, 1.0, 1, 1.0, 0.0, 0, 1, 0, -4.59511985013459, 0, 1.0, 0.0, 1, 0, 0, 1.0, 1.0, 0, 0, 1.0, 0, 0, -4.59511985013459, 1, 0, 0, 1, 0, 1.0, 0, 1.0, 1, 1.0, -4.59511985013459, 1.0, 1, 0, 0, 0, 1.0, 1.0, 1.0, 1, 1, 0, 1.0, 0, -4.59511985013459, 1, 0, 0, 0, 1.0, -3.787026515253461, 0, 0, 1, 0, 1.0, 1, 1, 0, 1, 1, 0.0, 0.0, 1.0, 1, 1.0, 1, 1, 0.0, 1, 0, -4.59511985013459, 0.0, 1.0, 1, 1, 1.0, 0.0, 1.0, 1.0, 1.0, 1, 0, 0, 0, 0, 1.0, 1, 0, 0, 0, 1, -2.1972245773362196, 0], "dtype": ["float", "int", "int", "float", "float", "int", "float", "float", "int", "int", "int", "int", "int", "int", "int", "int", "int", "float", "int", "int", "float", "float", "float", "float", "int", "float", "int", "float", "int", "int", "int", "float", "float", "float", "int", "int", "int", "float", "int", "int", "int", "int", "float", "float", "float", "int", "int", "int", "int", "float", "int", "int", "int", "int", "float", "float", "float", "float", "int", "float", "int", "float", "int", "int", "float", "int", "float", "float", "int", "float", "float", "int", "int", "int", "int", "int", "float", "int", "int", "float", "int", "float", "float", "int", "int", "int", "int", "float", "int", "int", "float", "int", "float", "float", "int", "int", "int", "float", "int", "float", "float", "int", "int", "int", "float", "float", "int", "int", "float", "int", "int", "float", "int", "int", "int", "int", "int", "float", "int", "float", "int", "float", "float", "float", "int", "int", "int", "int", "float", "float", "float", "int", "int", "int", "float", "int", "float", "int", "int", "int", "int", "float", "float", "int", "int", "int", "int", "float", "int", "int", "int", "int", "int", "float", "float", "float", "int", "float", "int", "int", "float", "int", "int", "float", "float", "float", "int", "int", "float", "float", "float", "float", "float", "int", "int", "int", "int", "int", "float", "int", "int", "int", "int", "int", "float", "int"]}