item_0,item_1,time_cost
"[2, 256, 24, 18]",[1],4.482269287109375e-05
"[2, 256, 16, 12]",[1],4.6253204345703125e-05
"[4, 256, 64, 64]",[1],5.173683166503906e-05
"[4, 2048, 64, 64]",[1],7.987022399902344e-05
"[2, 1024, 16, 12]",[1],7.128715515136719e-05
"[2, 256, 64, 128]",[1],8.0108642578125e-05
"[2, 128, 48, 36]",[1],5.0067901611328125e-05
"[2, 128, 32, 24]",[1],4.124641418457031e-05
"[2, 1024, 16, 16]",[1],4.076957702636719e-05
"[2, 20, 64, 64]",[1],3.814697265625e-05
