item_0,item_1,time_cost
[256],[256],2.6226043701171875e-05
[512],[512],2.002716064453125e-05
[1024],[1024],1.3113021850585938e-05
[128],[128],1.1920928955078125e-05
[64],[64],1.1682510375976562e-05
"[256, 256, 3, 3]","[256, 256, 3, 3]",2.193450927734375e-05
"[1024, 256, 1, 1]","[1024, 256, 1, 1]",2.1457672119140625e-05
"[256, 1024, 1, 1]","[256, 1024, 1, 1]",2.0503997802734375e-05
[2048],[2048],1.6689300537109375e-05
[48],[48],1.5735626220703125e-05