item_0,item_1,item_2,item_3,item_4,item_5,item_6,item_7,time_cost
"[4, 256, 64, 64]",[256],[256],[256],[256],True,0.1,1e-05,8.463859558105469e-05
"[4, 512, 64, 64]",[512],[512],[512],[512],True,0.1,1e-05,8.7738037109375e-05
"[2, 256, 16, 16]",[256],[256],[256],[256],True,0.1,1e-05,6.818771362304688e-05
