item_0,item_1,item_2,time_cost
[256],1,int,8.821487426757812e-06
[64],1,int,1.6450881958007812e-05
[128],1,int,1.0251998901367188e-05
[256],1.0,float,9.775161743164062e-06
[128],1.0,float,9.059906005859375e-06
[512],1,int,8.821487426757812e-06
[512],1.0,float,8.821487426757812e-06
[64],1.0,float,8.58306884765625e-06
[1024],1,int,8.58306884765625e-06
[1024],1.0,float,8.821487426757812e-06
