item_0,item_1,time_cost
[27648],[2],2.6702880859375e-05
[4],[4],2.7179718017578125e-05
[128000],[2],3.075599670410156e-05
[32768],[2],2.8133392333984375e-05
[262144],[2],2.9802322387695312e-05
