item_0,item_1,time_cost
[6],[0],1.9311904907226562e-05
[256],[0],3.1948089599609375e-05
[128],[0],2.2649765014648438e-05
[216],[0],1.9073486328125e-05
[648],[0],1.9073486328125e-05
[324],[0],1.811981201171875e-05
[36],[0],1.7881393432617188e-05
[4],[0],1.7404556274414062e-05
"[1, 1]",[0],1.8358230590820312e-05
[64],[0],1.7642974853515625e-05
