item_0,item_1,item_2,time_cost
[64],,,1.4543533325195312e-05
[256],,,2.6226043701171875e-05
[512],,,1.6689300537109375e-05
[128],,,1.5020370483398438e-05
[1024],,,1.4543533325195312e-05
"[256, 256, 3, 3]",,,2.8848648071289062e-05
[2048],,,1.5974044799804688e-05
"[1024, 256, 1, 1]",,,2.8133392333984375e-05
"[256, 1024, 1, 1]",,,2.86102294921875e-05
[32],,,1.52587890625e-05
