item_0,item_1,item_2,time_cost
[64],[64],[],2.0503997802734375e-05
[32],[32],[],3.528594970703125e-05
[3],[3],[],2.3126602172851562e-05
[80],[80],[20],2.0503997802734375e-05
[46],[62],[],1.9788742065429688e-05
[9],[9],[],2.0265579223632812e-05
[12],[14],[],1.9550323486328125e-05
[24],[28],[],2.1457672119140625e-05
[48],[56],[],1.9073486328125e-05
[96],[112],[],1.9788742065429688e-05
