item_0,item_1,time_cost
[[256]],[0.9],1.049041748046875e-05
[[64]],[0.9],1.8835067749023438e-05
[[128]],[0.9],1.1444091796875e-05
[[512]],[0.9],1.0728836059570312e-05
[[1024]],[0.9],1.0728836059570312e-05
[[32]],[0.9],1.0251998901367188e-05
[[48]],[0.9],1.049041748046875e-05
[[96]],[0.9],9.775161743164062e-06
[[192]],[0.9],1.0251998901367188e-05
"[[256, 256, 3, 3]]",[0.9],1.6450881958007812e-05
