item_0,time_cost
"[4, 256, 64, 64]",3.0517578125e-05
"[2, 256, 64, 128]",3.8623809814453125e-05
"[4, 512, 64, 64]",3.8623809814453125e-05
"[4, 1024, 64, 64]",4.1484832763671875e-05
"[4, 64, 64, 64]",3.528594970703125e-05
"[2, 256, 97, 97]",3.62396240234375e-05
"[2, 256, 16, 12]",2.5510787963867188e-05
"[2, 18, 64, 64]",1.8358230590820312e-05
"[2, 36, 32, 32]",1.7404556274414062e-05
"[2, 256, 16, 16]",1.6450881958007812e-05