item_0,item_1,item_2,time_cost
"[2, 2, 1, 256]",1,3,1.4066696166992188e-05
"[2, 2, 1, 128]",1,3,2.4080276489257812e-05
"[4, 2, 1, 256]",1,3,1.52587890625e-05
"[2, 2, 1, 512]",1,3,1.3113021850585938e-05
"[24, 1025, 1025]",-1,3,4.649162292480469e-05
"[12, 16, 49, 49]",-1,5,4.315376281738281e-05
"[8, 16, 144, 144]",-1,5,3.719329833984375e-05
"[2, 2, 1, 64]",1,3,2.0265579223632812e-05
"[16, 1601, 1601]",-1,3,9.202957153320312e-05
"[2, 8, 40, 40]",-1,3,3.170967102050781e-05
