item_0,item_1,time_cost
"[2, 19, 512, 1024]",1,0.0013489723205566406
"[4, 150, 512, 512]",1,0.010170698165893555
"[2, 19, 769, 769]",1,0.001508951187133789
"[4, 21, 512, 512]",1,0.0015170574188232422
"[1024, 81, 1, 1]",1,6.365776062011719e-05
"[4, 171, 512, 512]",1,0.01149606704711914
"[4, 60, 480, 480]",1,0.0036923885345458984
"[4, 59, 480, 480]",1,0.13020610809326172
"[2, 19, 832, 832]",1,0.0017712116241455078
[17],8,8.177757263183594e-05
