item_0,time_cost
[64],1.2159347534179688e-05
[256],1.6689300537109375e-05
[128],1.0251998901367188e-05
[512],9.298324584960938e-06
"[256, 256, 3, 3]",1.8358230590820312e-05
[1024],1.2636184692382812e-05
[2048],1.239776611328125e-05
"[1024, 256, 1, 1]",1.7642974853515625e-05
"[256, 1024, 1, 1]",1.71661376953125e-05
[32],1.2159347534179688e-05
