{"input": [[26], [3000, 32], [13], [1, 16, 2], [3000, 32], [12, 50], [3000, 32], [15300, 4], [27], [64800, 4], [4212, 4], [4446, 4], [16], [1260, 4], [1568, 65537], [259200, 4], [3000, 32], [2, 8, 50, 25, 32], [2, 8, 38, 19, 64], [4, 128, 64, 64], [16200, 4], [5, 50], [4446, 4], [2, 17, 2], [244800, 4], [6, 50], [2, 8, 84, 42, 32], [1], [32, 65537], [1, 50], [1260, 4], [11, 50], [9], [12], [42], [1134, 4], [1134, 4], [2, 16, 2], [128, 2], [2, 8192, 8192], [10], [1024, 6, 7, 4, 42], [4], [22], [3], [5], [2, 8, 34, 17, 64], [17100, 4], [6], [61200, 4], [3978, 4], [32, 65537], [8], [64, 63], [18], [1134, 4], [37], [2, 96, 64, 64], [4, 4096, 4096], [29], [273600, 4], [2, 9409, 9409], [61200, 4], [36], [25], [2, 8, 76, 38, 32], [2, 8, 25, 13, 64], [2, 8, 68, 34, 32], [7, 50], [11], [23], [2, 8, 42, 21, 64], [68400, 4], [58], [7]], "other": [[550.0], [3000.0], [550.0], [1.0], [32.0], [12, 1], [1, 32], [10.0], [550.0], [10.0], [3.0], [6.0], [550.0], [3.0], [0.2], [10.0], [3000, 1], [1.4142135623730951], [1.4142135623730951], [1, 1, 64, 64], [4.0], [5, 1], [7.0], [2.0], [10.0], [6, 1], [1.4142135623730951], [550.0], [0.2], [1, 1], [9.0], [11, 1], [550.0], [550.0], [550.0], [9.0], [3.0], [2.0], [128, 1], [16.0], [550.0], [1.4142135623730951], [550.0], [550.0], [550.0], [550.0], [1.4142135623730951], [10.0], [550.0], [4.0], [10.0], [0.07], [550.0], [0.1], [550.0], [8.0], [550.0], [1, 1, 64, 64], [16.0], [550.0], [10.0], [16.0], [8.0], [550.0], [550.0], [1.4142135623730951], [1.4142135623730951], [1.4142135623730951], [7, 1], [550.0], [550.0], [1.4142135623730951], [10.0], [550.0], [550.0]]}